ix,iy,iz,x_cm,y_cm,z_cm,prioridad
6,51,20,0.030508474576271184,0.25932203389830505,0.10256410256410256,CRITICA
7,29,33,0.035593220338983045,0.14745762711864405,0.16923076923076924,CRITICA
7,30,34,0.035593220338983045,0.15254237288135591,0.17435897435897435,CRITICA
7,51,21,0.035593220338983045,0.25932203389830505,0.1076923076923077,CRITICA
9,16,28,0.04576271186440678,0.08135593220338982,0.14358974358974358,CRITICA
9,18,28,0.04576271186440678,0.09152542372881356,0.14358974358974358,CRITICA
10,16,29,0.05084745762711864,0.08135593220338982,0.14871794871794872,CRITICA
10,16,38,0.05084745762711864,0.08135593220338982,0.19487179487179487,CRITICA
10,16,39,0.05084745762711864,0.08135593220338982,0.2,CRITICA
10,17,28,0.05084745762711864,0.08644067796610169,0.14358974358974358,CRITICA
10,17,30,0.05084745762711864,0.08644067796610169,0.15384615384615385,CRITICA
10,17,35,0.05084745762711864,0.08644067796610169,0.1794871794871795,CRITICA
10,17,37,0.05084745762711864,0.08644067796610169,0.18974358974358974,CRITICA
10,18,29,0.05084745762711864,0.09152542372881356,0.14871794871794872,CRITICA
10,18,36,0.05084745762711864,0.09152542372881356,0.18461538461538463,CRITICA
10,18,38,0.05084745762711864,0.09152542372881356,0.19487179487179487,CRITICA
10,18,39,0.05084745762711864,0.09152542372881356,0.2,CRITICA
10,19,27,0.05084745762711864,0.09661016949152541,0.13846153846153847,CRITICA
10,19,37,0.05084745762711864,0.09661016949152541,0.18974358974358974,CRITICA
10,23,22,0.05084745762711864,0.11694915254237287,0.11282051282051282,CRITICA
11,16,28,0.0559322033898305,0.08135593220338982,0.14358974358974358,CRITICA
11,17,27,0.0559322033898305,0.08644067796610169,0.13846153846153847,CRITICA
11,17,29,0.0559322033898305,0.08644067796610169,0.14871794871794872,CRITICA
11,19,36,0.0559322033898305,0.09661016949152541,0.18461538461538463,CRITICA
11,20,27,0.0559322033898305,0.10169491525423728,0.13846153846153847,CRITICA
11,22,22,0.0559322033898305,0.111864406779661,0.11282051282051282,CRITICA
12,15,30,0.06101694915254237,0.07627118644067796,0.15384615384615385,CRITICA
12,16,29,0.06101694915254237,0.08135593220338982,0.14871794871794872,CRITICA
13,9,30,0.06610169491525424,0.04576271186440678,0.15384615384615385,CRITICA
13,16,30,0.06610169491525424,0.08135593220338982,0.15384615384615385,CRITICA
13,22,27,0.06610169491525424,0.111864406779661,0.13846153846153847,CRITICA
13,24,19,0.06610169491525424,0.12203389830508474,0.09743589743589744,CRITICA
13,24,21,0.06610169491525424,0.12203389830508474,0.1076923076923077,CRITICA
13,25,18,0.06610169491525424,0.1271186440677966,0.09230769230769231,CRITICA
13,25,20,0.06610169491525424,0.1271186440677966,0.10256410256410256,CRITICA
13,26,19,0.06610169491525424,0.13220338983050847,0.09743589743589744,CRITICA
14,8,30,0.07118644067796609,0.04067796610169491,0.15384615384615385,CRITICA
14,10,28,0.07118644067796609,0.05084745762711864,0.14358974358974358,CRITICA
14,10,30,0.07118644067796609,0.05084745762711864,0.15384615384615385,CRITICA
14,16,23,0.07118644067796609,0.08135593220338982,0.11794871794871795,CRITICA
15,8,29,0.07627118644067796,0.04067796610169491,0.14871794871794872,CRITICA
15,9,28,0.07627118644067796,0.04576271186440678,0.14358974358974358,CRITICA
15,9,30,0.07627118644067796,0.04576271186440678,0.15384615384615385,CRITICA
15,10,29,0.07627118644067796,0.05084745762711864,0.14871794871794872,CRITICA
15,11,28,0.07627118644067796,0.0559322033898305,0.14358974358974358,CRITICA
15,11,30,0.07627118644067796,0.0559322033898305,0.15384615384615385,CRITICA
15,12,29,0.07627118644067796,0.06101694915254237,0.14871794871794872,CRITICA
15,13,30,0.07627118644067796,0.06610169491525424,0.15384615384615385,CRITICA
15,14,22,0.07627118644067796,0.07118644067796609,0.11282051282051282,CRITICA
15,15,23,0.07627118644067796,0.07627118644067796,0.11794871794871795,CRITICA
16,7,29,0.08135593220338982,0.035593220338983045,0.14871794871794872,CRITICA
16,8,28,0.08135593220338982,0.04067796610169491,0.14358974358974358,CRITICA
16,8,30,0.08135593220338982,0.04067796610169491,0.15384615384615385,CRITICA
16,9,29,0.08135593220338982,0.04576271186440678,0.14871794871794872,CRITICA
16,10,28,0.08135593220338982,0.05084745762711864,0.14358974358974358,CRITICA
16,13,22,0.08135593220338982,0.06610169491525424,0.11282051282051282,CRITICA
16,13,29,0.08135593220338982,0.06610169491525424,0.14871794871794872,CRITICA
16,16,23,0.08135593220338982,0.08135593220338982,0.11794871794871795,CRITICA
16,42,13,0.08135593220338982,0.2135593220338983,0.06666666666666667,CRITICA
16,43,12,0.08135593220338982,0.21864406779661016,0.06153846153846154,CRITICA
16,44,11,0.08135593220338982,0.223728813559322,0.05641025641025641,CRITICA
16,44,13,0.08135593220338982,0.223728813559322,0.06666666666666667,CRITICA
16,45,12,0.08135593220338982,0.22881355932203387,0.06153846153846154,CRITICA
17,7,28,0.08644067796610169,0.035593220338983045,0.14358974358974358,CRITICA
17,8,27,0.08644067796610169,0.04067796610169491,0.13846153846153847,CRITICA
17,8,29,0.08644067796610169,0.04067796610169491,0.14871794871794872,CRITICA
17,9,28,0.08644067796610169,0.04576271186440678,0.14358974358974358,CRITICA
17,29,9,0.08644067796610169,0.14745762711864405,0.046153846153846156,CRITICA
17,43,13,0.08644067796610169,0.21864406779661016,0.06666666666666667,CRITICA
20,17,2,0.10169491525423728,0.08644067796610169,0.010256410256410256,CRITICA
20,18,0,0.10169491525423728,0.09152542372881356,0.0,CRITICA
20,18,1,0.10169491525423728,0.09152542372881356,0.005128205128205128,CRITICA
21,17,0,0.10677966101694915,0.08644067796610169,0.0,CRITICA
21,17,1,0.10677966101694915,0.08644067796610169,0.005128205128205128,CRITICA
21,17,3,0.10677966101694915,0.08644067796610169,0.015384615384615385,CRITICA
22,14,7,0.111864406779661,0.07118644067796609,0.035897435897435895,CRITICA
22,15,6,0.111864406779661,0.07627118644067796,0.03076923076923077,CRITICA
22,15,8,0.111864406779661,0.07627118644067796,0.041025641025641026,CRITICA
22,16,5,0.111864406779661,0.08135593220338982,0.02564102564102564,CRITICA
22,16,7,0.111864406779661,0.08135593220338982,0.035897435897435895,CRITICA
22,17,2,0.111864406779661,0.08644067796610169,0.010256410256410256,CRITICA
22,17,4,0.111864406779661,0.08644067796610169,0.020512820512820513,CRITICA
22,17,6,0.111864406779661,0.08644067796610169,0.03076923076923077,CRITICA
22,18,0,0.111864406779661,0.09152542372881356,0.0,CRITICA
22,18,1,0.111864406779661,0.09152542372881356,0.005128205128205128,CRITICA
22,18,3,0.111864406779661,0.09152542372881356,0.015384615384615385,CRITICA
23,9,13,0.11694915254237287,0.04576271186440678,0.06666666666666667,CRITICA
23,11,21,0.11694915254237287,0.0559322033898305,0.1076923076923077,CRITICA
23,12,20,0.11694915254237287,0.06101694915254237,0.10256410256410256,CRITICA
23,15,7,0.11694915254237287,0.07627118644067796,0.035897435897435895,CRITICA
23,16,4,0.11694915254237287,0.08135593220338982,0.020512820512820513,CRITICA
23,16,6,0.11694915254237287,0.08135593220338982,0.03076923076923077,CRITICA
23,17,3,0.11694915254237287,0.08644067796610169,0.015384615384615385,CRITICA
23,17,5,0.11694915254237287,0.08644067796610169,0.02564102564102564,CRITICA
23,18,2,0.11694915254237287,0.09152542372881356,0.010256410256410256,CRITICA
23,18,4,0.11694915254237287,0.09152542372881356,0.020512820512820513,CRITICA
23,19,0,0.11694915254237287,0.09661016949152541,0.0,CRITICA
23,19,1,0.11694915254237287,0.09661016949152541,0.005128205128205128,CRITICA
23,19,3,0.11694915254237287,0.09661016949152541,0.015384615384615385,CRITICA
23,20,2,0.11694915254237287,0.10169491525423728,0.010256410256410256,CRITICA
23,21,0,0.11694915254237287,0.10677966101694915,0.0,CRITICA
23,21,1,0.11694915254237287,0.10677966101694915,0.005128205128205128,CRITICA
24,7,12,0.12203389830508474,0.035593220338983045,0.06153846153846154,CRITICA
24,10,13,0.12203389830508474,0.05084745762711864,0.06666666666666667,CRITICA
24,10,21,0.12203389830508474,0.05084745762711864,0.1076923076923077,CRITICA
24,11,20,0.12203389830508474,0.0559322033898305,0.10256410256410256,CRITICA
24,11,22,0.12203389830508474,0.0559322033898305,0.11282051282051282,CRITICA
24,12,13,0.12203389830508474,0.06101694915254237,0.06666666666666667,CRITICA
24,12,19,0.12203389830508474,0.06101694915254237,0.09743589743589744,CRITICA
24,12,23,0.12203389830508474,0.06101694915254237,0.11794871794871795,CRITICA
24,16,5,0.12203389830508474,0.08135593220338982,0.02564102564102564,CRITICA
24,17,4,0.12203389830508474,0.08644067796610169,0.020512820512820513,CRITICA
24,18,3,0.12203389830508474,0.09152542372881356,0.015384615384615385,CRITICA
24,19,2,0.12203389830508474,0.09661016949152541,0.010256410256410256,CRITICA
24,20,0,0.12203389830508474,0.10169491525423728,0.0,CRITICA
24,20,1,0.12203389830508474,0.10169491525423728,0.005128205128205128,CRITICA
24,21,2,0.12203389830508474,0.10677966101694915,0.010256410256410256,CRITICA
24,26,11,0.12203389830508474,0.13220338983050847,0.05641025641025641,CRITICA
24,27,10,0.12203389830508474,0.13728813559322034,0.05128205128205128,CRITICA
24,28,11,0.12203389830508474,0.14237288135593218,0.05641025641025641,CRITICA
24,31,28,0.12203389830508474,0.15762711864406778,0.14358974358974358,CRITICA
25,9,13,0.1271186440677966,0.04576271186440678,0.06666666666666667,CRITICA
25,10,20,0.1271186440677966,0.05084745762711864,0.10256410256410256,CRITICA
25,10,22,0.1271186440677966,0.05084745762711864,0.11282051282051282,CRITICA
25,11,13,0.1271186440677966,0.0559322033898305,0.06666666666666667,CRITICA
25,11,21,0.1271186440677966,0.0559322033898305,0.1076923076923077,CRITICA
25,11,23,0.1271186440677966,0.0559322033898305,0.11794871794871795,CRITICA
25,12,20,0.1271186440677966,0.06101694915254237,0.10256410256410256,CRITICA
25,14,27,0.1271186440677966,0.07118644067796609,0.13846153846153847,CRITICA
25,15,26,0.1271186440677966,0.07627118644067796,0.13333333333333333,CRITICA
25,16,27,0.1271186440677966,0.08135593220338982,0.13846153846153847,CRITICA
25,19,0,0.1271186440677966,0.09661016949152541,0.0,CRITICA
25,19,1,0.1271186440677966,0.09661016949152541,0.005128205128205128,CRITICA
25,19,3,0.1271186440677966,0.09661016949152541,0.015384615384615385,CRITICA
25,20,2,0.1271186440677966,0.10169491525423728,0.010256410256410256,CRITICA
25,24,18,0.1271186440677966,0.12203389830508474,0.09230769230769231,CRITICA
25,26,12,0.1271186440677966,0.13220338983050847,0.06153846153846154,CRITICA
25,26,18,0.1271186440677966,0.13220338983050847,0.09230769230769231,CRITICA
25,27,11,0.1271186440677966,0.13728813559322034,0.05641025641025641,CRITICA
25,29,27,0.1271186440677966,0.14745762711864405,0.13846153846153847,CRITICA
25,30,28,0.1271186440677966,0.15254237288135591,0.14358974358974358,CRITICA
25,31,27,0.1271186440677966,0.15762711864406778,0.13846153846153847,CRITICA
25,31,29,0.1271186440677966,0.15762711864406778,0.14871794871794872,CRITICA
25,32,28,0.1271186440677966,0.16271186440677965,0.14358974358974358,CRITICA
26,8,13,0.13220338983050847,0.04067796610169491,0.06666666666666667,CRITICA
26,10,19,0.13220338983050847,0.05084745762711864,0.09743589743589744,CRITICA
26,10,21,0.13220338983050847,0.05084745762711864,0.1076923076923077,CRITICA
26,11,20,0.13220338983050847,0.0559322033898305,0.10256410256410256,CRITICA
26,11,22,0.13220338983050847,0.0559322033898305,0.11282051282051282,CRITICA
26,11,24,0.13220338983050847,0.0559322033898305,0.12307692307692308,CRITICA
26,12,19,0.13220338983050847,0.06101694915254237,0.09743589743589744,CRITICA
26,12,21,0.13220338983050847,0.06101694915254237,0.1076923076923077,CRITICA
26,13,27,0.13220338983050847,0.06610169491525424,0.13846153846153847,CRITICA
26,14,26,0.13220338983050847,0.07118644067796609,0.13333333333333333,CRITICA
26,15,27,0.13220338983050847,0.07627118644067796,0.13846153846153847,CRITICA
26,16,26,0.13220338983050847,0.08135593220338982,0.13333333333333333,CRITICA
26,17,27,0.13220338983050847,0.08644067796610169,0.13846153846153847,CRITICA
26,18,0,0.13220338983050847,0.09152542372881356,0.0,CRITICA
26,18,1,0.13220338983050847,0.09152542372881356,0.005128205128205128,CRITICA
26,18,26,0.13220338983050847,0.09152542372881356,0.13333333333333333,CRITICA
26,19,2,0.13220338983050847,0.09661016949152541,0.010256410256410256,CRITICA
26,20,0,0.13220338983050847,0.10169491525423728,0.0,CRITICA
26,20,1,0.13220338983050847,0.10169491525423728,0.005128205128205128,CRITICA
26,20,3,0.13220338983050847,0.10169491525423728,0.015384615384615385,CRITICA
26,20,26,0.13220338983050847,0.10169491525423728,0.13333333333333333,CRITICA
26,23,18,0.13220338983050847,0.11694915254237287,0.09230769230769231,CRITICA
26,24,17,0.13220338983050847,0.12203389830508474,0.08717948717948718,CRITICA
26,25,16,0.13220338983050847,0.1271186440677966,0.08205128205128205,CRITICA
26,25,18,0.13220338983050847,0.1271186440677966,0.09230769230769231,CRITICA
26,26,17,0.13220338983050847,0.13220338983050847,0.08717948717948718,CRITICA
26,27,10,0.13220338983050847,0.13728813559322034,0.05128205128205128,CRITICA
26,28,11,0.13220338983050847,0.14237288135593218,0.05641025641025641,CRITICA
26,29,28,0.13220338983050847,0.14745762711864405,0.14358974358974358,CRITICA
26,31,28,0.13220338983050847,0.15762711864406778,0.14358974358974358,CRITICA
26,32,29,0.13220338983050847,0.16271186440677965,0.14871794871794872,CRITICA
26,33,30,0.13220338983050847,0.16779661016949152,0.15384615384615385,CRITICA
27,12,20,0.13728813559322034,0.06101694915254237,0.10256410256410256,CRITICA
27,16,27,0.13728813559322034,0.08135593220338982,0.13846153846153847,CRITICA
27,17,26,0.13728813559322034,0.08644067796610169,0.13333333333333333,CRITICA
27,18,2,0.13728813559322034,0.09152542372881356,0.010256410256410256,CRITICA
27,19,0,0.13728813559322034,0.09661016949152541,0.0,CRITICA
27,19,1,0.13728813559322034,0.09661016949152541,0.005128205128205128,CRITICA
27,19,3,0.13728813559322034,0.09661016949152541,0.015384615384615385,CRITICA
27,19,26,0.13728813559322034,0.09661016949152541,0.13333333333333333,CRITICA
27,28,10,0.13728813559322034,0.14237288135593218,0.05128205128205128,CRITICA
27,30,28,0.13728813559322034,0.15254237288135591,0.14358974358974358,CRITICA
27,32,28,0.13728813559322034,0.16271186440677965,0.14358974358974358,CRITICA
27,33,29,0.13728813559322034,0.16779661016949152,0.14871794871794872,CRITICA
28,17,27,0.14237288135593218,0.08644067796610169,0.13846153846153847,CRITICA
28,18,26,0.14237288135593218,0.09152542372881356,0.13333333333333333,CRITICA
28,28,9,0.14237288135593218,0.14237288135593218,0.046153846153846156,CRITICA
28,28,11,0.14237288135593218,0.14237288135593218,0.05641025641025641,CRITICA
28,31,28,0.14237288135593218,0.15762711864406778,0.14358974358974358,CRITICA
29,17,26,0.14745762711864405,0.08644067796610169,0.13333333333333333,CRITICA
29,32,28,0.14745762711864405,0.16271186440677965,0.14358974358974358,CRITICA
29,33,0,0.14745762711864405,0.16779661016949152,0.0,CRITICA
29,33,1,0.14745762711864405,0.16779661016949152,0.005128205128205128,CRITICA
30,13,20,0.15254237288135591,0.06610169491525424,0.10256410256410256,CRITICA
30,30,0,0.15254237288135591,0.15254237288135591,0.0,CRITICA
30,30,1,0.15254237288135591,0.15254237288135591,0.005128205128205128,CRITICA
30,31,2,0.15254237288135591,0.15762711864406778,0.010256410256410256,CRITICA
30,31,24,0.15254237288135591,0.15762711864406778,0.12307692307692308,CRITICA
30,32,0,0.15254237288135591,0.16271186440677965,0.0,CRITICA
30,32,1,0.15254237288135591,0.16271186440677965,0.005128205128205128,CRITICA
30,32,23,0.15254237288135591,0.16271186440677965,0.11794871794871795,CRITICA
30,32,25,0.15254237288135591,0.16271186440677965,0.1282051282051282,CRITICA
30,32,27,0.15254237288135591,0.16271186440677965,0.13846153846153847,CRITICA
30,32,29,0.15254237288135591,0.16271186440677965,0.14871794871794872,CRITICA
30,33,24,0.15254237288135591,0.16779661016949152,0.12307692307692308,CRITICA
30,33,28,0.15254237288135591,0.16779661016949152,0.14358974358974358,CRITICA
30,52,18,0.15254237288135591,0.26440677966101694,0.09230769230769231,CRITICA
31,13,19,0.15762711864406778,0.06610169491525424,0.09743589743589744,CRITICA
31,18,38,0.15762711864406778,0.09152542372881356,0.19487179487179487,CRITICA
31,18,39,0.15762711864406778,0.09152542372881356,0.2,CRITICA
31,19,37,0.15762711864406778,0.09661016949152541,0.18974358974358974,CRITICA
31,31,0,0.15762711864406778,0.15762711864406778,0.0,CRITICA
31,31,1,0.15762711864406778,0.15762711864406778,0.005128205128205128,CRITICA
31,32,2,0.15762711864406778,0.16271186440677965,0.010256410256410256,CRITICA
31,32,24,0.15762711864406778,0.16271186440677965,0.12307692307692308,CRITICA
31,32,28,0.15762711864406778,0.16271186440677965,0.14358974358974358,CRITICA
31,33,0,0.15762711864406778,0.16779661016949152,0.0,CRITICA
31,33,1,0.15762711864406778,0.16779661016949152,0.005128205128205128,CRITICA
31,34,24,0.15762711864406778,0.17288135593220338,0.12307692307692308,CRITICA
32,13,20,0.16271186440677965,0.06610169491525424,0.10256410256410256,CRITICA
32,13,23,0.16271186440677965,0.06610169491525424,0.11794871794871795,CRITICA
32,17,38,0.16271186440677965,0.08644067796610169,0.19487179487179487,CRITICA
32,17,39,0.16271186440677965,0.08644067796610169,0.2,CRITICA
32,19,38,0.16271186440677965,0.09661016949152541,0.19487179487179487,CRITICA
32,19,39,0.16271186440677965,0.09661016949152541,0.2,CRITICA
32,26,24,0.16271186440677965,0.13220338983050847,0.12307692307692308,CRITICA
32,27,23,0.16271186440677965,0.13728813559322034,0.11794871794871795,CRITICA
32,30,0,0.16271186440677965,0.15254237288135591,0.0,CRITICA
32,30,1,0.16271186440677965,0.15254237288135591,0.005128205128205128,CRITICA
32,31,2,0.16271186440677965,0.15762711864406778,0.010256410256410256,CRITICA
32,32,0,0.16271186440677965,0.16271186440677965,0.0,CRITICA
32,32,1,0.16271186440677965,0.16271186440677965,0.005128205128205128,CRITICA
32,34,0,0.16271186440677965,0.17288135593220338,0.0,CRITICA
32,34,1,0.16271186440677965,0.17288135593220338,0.005128205128205128,CRITICA
33,12,23,0.16779661016949152,0.06101694915254237,0.11794871794871795,CRITICA
33,13,22,0.16779661016949152,0.06610169491525424,0.11282051282051282,CRITICA
33,18,38,0.16779661016949152,0.09152542372881356,0.19487179487179487,CRITICA
33,18,39,0.16779661016949152,0.09152542372881356,0.2,CRITICA
33,26,23,0.16779661016949152,0.13220338983050847,0.11794871794871795,CRITICA
33,27,24,0.16779661016949152,0.13728813559322034,0.12307692307692308,CRITICA
33,28,13,0.16779661016949152,0.14237288135593218,0.06666666666666667,CRITICA
33,29,0,0.16779661016949152,0.14745762711864405,0.0,CRITICA
33,29,1,0.16779661016949152,0.14745762711864405,0.005128205128205128,CRITICA
33,30,2,0.16779661016949152,0.15254237288135591,0.010256410256410256,CRITICA
33,31,0,0.16779661016949152,0.15762711864406778,0.0,CRITICA
33,31,1,0.16779661016949152,0.15762711864406778,0.005128205128205128,CRITICA
33,32,2,0.16779661016949152,0.16271186440677965,0.010256410256410256,CRITICA
33,33,0,0.16779661016949152,0.16779661016949152,0.0,CRITICA
33,33,1,0.16779661016949152,0.16779661016949152,0.005128205128205128,CRITICA
33,35,0,0.16779661016949152,0.17796610169491525,0.0,CRITICA
33,35,1,0.16779661016949152,0.17796610169491525,0.005128205128205128,CRITICA
34,13,23,0.17288135593220338,0.06610169491525424,0.11794871794871795,CRITICA
34,13,38,0.17288135593220338,0.06610169491525424,0.19487179487179487,CRITICA
34,13,39,0.17288135593220338,0.06610169491525424,0.2,CRITICA
34,15,38,0.17288135593220338,0.07627118644067796,0.19487179487179487,CRITICA
34,15,39,0.17288135593220338,0.07627118644067796,0.2,CRITICA
34,17,38,0.17288135593220338,0.08644067796610169,0.19487179487179487,CRITICA
34,17,39,0.17288135593220338,0.08644067796610169,0.2,CRITICA
34,19,38,0.17288135593220338,0.09661016949152541,0.19487179487179487,CRITICA
34,19,39,0.17288135593220338,0.09661016949152541,0.2,CRITICA
34,26,22,0.17288135593220338,0.13220338983050847,0.11282051282051282,CRITICA
34,27,13,0.17288135593220338,0.13728813559322034,0.06666666666666667,CRITICA
34,28,0,0.17288135593220338,0.14237288135593218,0.0,CRITICA
34,28,1,0.17288135593220338,0.14237288135593218,0.005128205128205128,CRITICA
34,28,12,0.17288135593220338,0.14237288135593218,0.06153846153846154,CRITICA
34,29,2,0.17288135593220338,0.14745762711864405,0.010256410256410256,CRITICA
34,29,13,0.17288135593220338,0.14745762711864405,0.06666666666666667,CRITICA
34,30,0,0.17288135593220338,0.15254237288135591,0.0,CRITICA
34,30,1,0.17288135593220338,0.15254237288135591,0.005128205128205128,CRITICA
34,31,2,0.17288135593220338,0.15762711864406778,0.010256410256410256,CRITICA
34,32,0,0.17288135593220338,0.16271186440677965,0.0,CRITICA
34,32,1,0.17288135593220338,0.16271186440677965,0.005128205128205128,CRITICA
34,34,0,0.17288135593220338,0.17288135593220338,0.0,CRITICA
34,34,1,0.17288135593220338,0.17288135593220338,0.005128205128205128,CRITICA
34,36,34,0.17288135593220338,0.18305084745762712,0.17435897435897435,CRITICA
34,37,35,0.17288135593220338,0.18813559322033896,0.1794871794871795,CRITICA
35,14,38,0.17796610169491525,0.07118644067796609,0.19487179487179487,CRITICA
35,14,39,0.17796610169491525,0.07118644067796609,0.2,CRITICA
35,15,37,0.17796610169491525,0.07627118644067796,0.18974358974358974,CRITICA
35,16,38,0.17796610169491525,0.08135593220338982,0.19487179487179487,CRITICA
35,16,39,0.17796610169491525,0.08135593220338982,0.2,CRITICA
35,17,37,0.17796610169491525,0.08644067796610169,0.18974358974358974,CRITICA
35,18,38,0.17796610169491525,0.09152542372881356,0.19487179487179487,CRITICA
35,18,39,0.17796610169491525,0.09152542372881356,0.2,CRITICA
35,27,0,0.17796610169491525,0.13728813559322034,0.0,CRITICA
35,27,1,0.17796610169491525,0.13728813559322034,0.005128205128205128,CRITICA
35,27,3,0.17796610169491525,0.13728813559322034,0.015384615384615385,CRITICA
35,28,2,0.17796610169491525,0.14237288135593218,0.010256410256410256,CRITICA
35,29,0,0.17796610169491525,0.14745762711864405,0.0,CRITICA
35,29,1,0.17796610169491525,0.14745762711864405,0.005128205128205128,CRITICA
35,29,12,0.17796610169491525,0.14745762711864405,0.06153846153846154,CRITICA
35,31,0,0.17796610169491525,0.15762711864406778,0.0,CRITICA
35,31,1,0.17796610169491525,0.15762711864406778,0.005128205128205128,CRITICA
35,33,0,0.17796610169491525,0.16779661016949152,0.0,CRITICA
35,33,1,0.17796610169491525,0.16779661016949152,0.005128205128205128,CRITICA
35,35,0,0.17796610169491525,0.17796610169491525,0.0,CRITICA
35,35,1,0.17796610169491525,0.17796610169491525,0.005128205128205128,CRITICA
35,35,34,0.17796610169491525,0.17796610169491525,0.17435897435897435,CRITICA
35,36,33,0.17796610169491525,0.18305084745762712,0.16923076923076924,CRITICA
35,36,35,0.17796610169491525,0.18305084745762712,0.1794871794871795,CRITICA
35,37,34,0.17796610169491525,0.18813559322033896,0.17435897435897435,CRITICA
36,15,36,0.18305084745762712,0.07627118644067796,0.18461538461538463,CRITICA
36,15,38,0.18305084745762712,0.07627118644067796,0.19487179487179487,CRITICA
36,15,39,0.18305084745762712,0.07627118644067796,0.2,CRITICA
36,16,37,0.18305084745762712,0.08135593220338982,0.18974358974358974,CRITICA
36,26,0,0.18305084745762712,0.13220338983050847,0.0,CRITICA
36,26,1,0.18305084745762712,0.13220338983050847,0.005128205128205128,CRITICA
36,26,3,0.18305084745762712,0.13220338983050847,0.015384615384615385,CRITICA
36,27,2,0.18305084745762712,0.13728813559322034,0.010256410256410256,CRITICA
36,28,0,0.18305084745762712,0.14237288135593218,0.0,CRITICA
36,28,1,0.18305084745762712,0.14237288135593218,0.005128205128205128,CRITICA
36,28,12,0.18305084745762712,0.14237288135593218,0.06153846153846154,CRITICA
36,29,11,0.18305084745762712,0.14745762711864405,0.05641025641025641,CRITICA
36,35,2,0.18305084745762712,0.17796610169491525,0.010256410256410256,CRITICA
36,36,0,0.18305084745762712,0.18305084745762712,0.0,CRITICA
36,36,1,0.18305084745762712,0.18305084745762712,0.005128205128205128,CRITICA
37,11,11,0.18813559322033896,0.0559322033898305,0.05641025641025641,CRITICA
37,12,10,0.18813559322033896,0.06101694915254237,0.05128205128205128,CRITICA
37,12,12,0.18813559322033896,0.06101694915254237,0.06153846153846154,CRITICA
37,13,11,0.18813559322033896,0.06610169491525424,0.05641025641025641,CRITICA
37,14,38,0.18813559322033896,0.07118644067796609,0.19487179487179487,CRITICA
37,14,39,0.18813559322033896,0.07118644067796609,0.2,CRITICA
37,15,37,0.18813559322033896,0.07627118644067796,0.18974358974358974,CRITICA
37,16,38,0.18813559322033896,0.08135593220338982,0.19487179487179487,CRITICA
37,16,39,0.18813559322033896,0.08135593220338982,0.2,CRITICA
37,27,0,0.18813559322033896,0.13728813559322034,0.0,CRITICA
37,27,1,0.18813559322033896,0.13728813559322034,0.005128205128205128,CRITICA
37,27,3,0.18813559322033896,0.13728813559322034,0.015384615384615385,CRITICA
37,28,2,0.18813559322033896,0.14237288135593218,0.010256410256410256,CRITICA
37,29,0,0.18813559322033896,0.14745762711864405,0.0,CRITICA
37,29,1,0.18813559322033896,0.14745762711864405,0.005128205128205128,CRITICA
37,30,8,0.18813559322033896,0.15254237288135591,0.041025641025641026,CRITICA
37,35,34,0.18813559322033896,0.17796610169491525,0.17435897435897435,CRITICA
37,36,2,0.18813559322033896,0.18305084745762712,0.010256410256410256,CRITICA
38,9,8,0.19322033898305083,0.04576271186440678,0.041025641025641026,CRITICA
38,10,9,0.19322033898305083,0.05084745762711864,0.046153846153846156,CRITICA
38,11,8,0.19322033898305083,0.0559322033898305,0.041025641025641026,CRITICA
38,11,10,0.19322033898305083,0.0559322033898305,0.05128205128205128,CRITICA
38,12,9,0.19322033898305083,0.06101694915254237,0.046153846153846156,CRITICA
38,12,11,0.19322033898305083,0.06101694915254237,0.05641025641025641,CRITICA
38,13,12,0.19322033898305083,0.06610169491525424,0.06153846153846154,CRITICA
38,13,14,0.19322033898305083,0.06610169491525424,0.07179487179487179,CRITICA
38,14,11,0.19322033898305083,0.07118644067796609,0.05641025641025641,CRITICA
38,16,19,0.19322033898305083,0.08135593220338982,0.09743589743589744,CRITICA
38,17,20,0.19322033898305083,0.08644067796610169,0.10256410256410256,CRITICA
38,27,8,0.19322033898305083,0.13728813559322034,0.041025641025641026,CRITICA
38,28,0,0.19322033898305083,0.14237288135593218,0.0,CRITICA
38,28,1,0.19322033898305083,0.14237288135593218,0.005128205128205128,CRITICA
38,28,9,0.19322033898305083,0.14237288135593218,0.046153846153846156,CRITICA
38,29,6,0.19322033898305083,0.14745762711864405,0.03076923076923077,CRITICA
38,29,8,0.19322033898305083,0.14745762711864405,0.041025641025641026,CRITICA
38,30,7,0.19322033898305083,0.15254237288135591,0.035897435897435895,CRITICA
38,30,9,0.19322033898305083,0.15254237288135591,0.046153846153846156,CRITICA
38,31,8,0.19322033898305083,0.15762711864406778,0.041025641025641026,CRITICA
38,34,34,0.19322033898305083,0.17288135593220338,0.17435897435897435,CRITICA
39,9,9,0.1983050847457627,0.04576271186440678,0.046153846153846156,CRITICA
39,12,12,0.1983050847457627,0.06101694915254237,0.06153846153846154,CRITICA
39,13,13,0.1983050847457627,0.06610169491525424,0.06666666666666667,CRITICA
39,14,12,0.1983050847457627,0.07118644067796609,0.06153846153846154,CRITICA
39,14,14,0.1983050847457627,0.07118644067796609,0.07179487179487179,CRITICA
39,16,20,0.1983050847457627,0.08135593220338982,0.10256410256410256,CRITICA
39,27,0,0.1983050847457627,0.13728813559322034,0.0,CRITICA
39,27,1,0.1983050847457627,0.13728813559322034,0.005128205128205128,CRITICA
39,27,9,0.1983050847457627,0.13728813559322034,0.046153846153846156,CRITICA
39,28,8,0.1983050847457627,0.14237288135593218,0.041025641025641026,CRITICA
39,29,9,0.1983050847457627,0.14745762711864405,0.046153846153846156,CRITICA
39,30,6,0.1983050847457627,0.15254237288135591,0.03076923076923077,CRITICA
39,30,8,0.1983050847457627,0.15254237288135591,0.041025641025641026,CRITICA
39,30,10,0.1983050847457627,0.15254237288135591,0.05128205128205128,CRITICA
39,31,7,0.1983050847457627,0.15762711864406778,0.035897435897435895,CRITICA
39,32,6,0.1983050847457627,0.16271186440677965,0.03076923076923077,CRITICA
39,32,8,0.1983050847457627,0.16271186440677965,0.041025641025641026,CRITICA
39,33,7,0.1983050847457627,0.16779661016949152,0.035897435897435895,CRITICA
39,41,31,0.1983050847457627,0.20847457627118643,0.15897435897435896,CRITICA
39,42,30,0.1983050847457627,0.2135593220338983,0.15384615384615385,CRITICA
40,14,13,0.20338983050847456,0.07118644067796609,0.06666666666666667,CRITICA
40,29,8,0.20338983050847456,0.14745762711864405,0.041025641025641026,CRITICA
40,30,7,0.20338983050847456,0.15254237288135591,0.035897435897435895,CRITICA
40,30,9,0.20338983050847456,0.15254237288135591,0.046153846153846156,CRITICA
40,31,8,0.20338983050847456,0.15762711864406778,0.041025641025641026,CRITICA
40,41,30,0.20338983050847456,0.20847457627118643,0.15384615384615385,CRITICA
40,42,31,0.20338983050847456,0.2135593220338983,0.15897435897435896,CRITICA
41,15,13,0.20847457627118643,0.07627118644067796,0.06666666666666667,CRITICA
41,21,16,0.20847457627118643,0.10677966101694915,0.08205128205128205,CRITICA
41,22,17,0.20847457627118643,0.111864406779661,0.08717948717948718,CRITICA
41,29,9,0.20847457627118643,0.14745762711864405,0.046153846153846156,CRITICA
41,30,8,0.20847457627118643,0.15254237288135591,0.041025641025641026,CRITICA
41,41,29,0.20847457627118643,0.20847457627118643,0.14871794871794872,CRITICA
41,41,31,0.20847457627118643,0.20847457627118643,0.15897435897435896,CRITICA
41,42,30,0.20847457627118643,0.2135593220338983,0.15384615384615385,CRITICA
42,15,14,0.2135593220338983,0.07627118644067796,0.07179487179487179,CRITICA
42,16,13,0.2135593220338983,0.08135593220338982,0.06666666666666667,CRITICA
42,41,28,0.2135593220338983,0.20847457627118643,0.14358974358974358,CRITICA
42,41,30,0.2135593220338983,0.20847457627118643,0.15384615384615385,CRITICA
42,42,29,0.2135593220338983,0.2135593220338983,0.14871794871794872,CRITICA
42,42,31,0.2135593220338983,0.2135593220338983,0.15897435897435896,CRITICA
42,43,30,0.2135593220338983,0.21864406779661016,0.15384615384615385,CRITICA
42,47,6,0.2135593220338983,0.2389830508474576,0.03076923076923077,CRITICA
42,48,7,0.2135593220338983,0.24406779661016947,0.035897435897435895,CRITICA
43,15,13,0.21864406779661016,0.07627118644067796,0.06666666666666667,CRITICA
43,15,15,0.21864406779661016,0.07627118644067796,0.07692307692307693,CRITICA
43,16,12,0.21864406779661016,0.08135593220338982,0.06153846153846154,CRITICA
43,29,19,0.21864406779661016,0.14745762711864405,0.09743589743589744,CRITICA
43,39,27,0.21864406779661016,0.1983050847457627,0.13846153846153847,CRITICA
43,40,28,0.21864406779661016,0.20338983050847456,0.14358974358974358,CRITICA
43,41,29,0.21864406779661016,0.20847457627118643,0.14871794871794872,CRITICA
43,41,31,0.21864406779661016,0.20847457627118643,0.15897435897435896,CRITICA
43,42,30,0.21864406779661016,0.2135593220338983,0.15384615384615385,CRITICA
44,14,13,0.223728813559322,0.07118644067796609,0.06666666666666667,CRITICA
44,15,14,0.223728813559322,0.07627118644067796,0.07179487179487179,CRITICA
44,29,18,0.223728813559322,0.14745762711864405,0.09230769230769231,CRITICA
44,32,26,0.223728813559322,0.16271186440677965,0.13333333333333333,CRITICA
44,38,27,0.223728813559322,0.19322033898305083,0.13846153846153847,CRITICA
44,40,27,0.223728813559322,0.20338983050847456,0.13846153846153847,CRITICA
45,15,13,0.22881355932203387,0.07627118644067796,0.06666666666666667,CRITICA
45,26,32,0.22881355932203387,0.13220338983050847,0.1641025641025641,CRITICA
45,31,26,0.22881355932203387,0.15762711864406778,0.13333333333333333,CRITICA
45,33,25,0.22881355932203387,0.16779661016949152,0.1282051282051282,CRITICA
45,34,24,0.22881355932203387,0.17288135593220338,0.12307692307692308,CRITICA
46,23,14,0.23389830508474574,0.11694915254237287,0.07179487179487179,CRITICA
46,25,32,0.23389830508474574,0.1271186440677966,0.1641025641025641,CRITICA
46,26,33,0.23389830508474574,0.13220338983050847,0.16923076923076924,CRITICA
46,40,27,0.23389830508474574,0.20338983050847456,0.13846153846153847,CRITICA
47,23,15,0.2389830508474576,0.11694915254237287,0.07692307692307693,CRITICA
47,24,26,0.2389830508474576,0.12203389830508474,0.13333333333333333,CRITICA
47,26,32,0.2389830508474576,0.13220338983050847,0.1641025641025641,CRITICA
47,40,28,0.2389830508474576,0.20338983050847456,0.14358974358974358,CRITICA
48,7,8,0.24406779661016947,0.035593220338983045,0.041025641025641026,CRITICA
48,21,18,0.24406779661016947,0.10677966101694915,0.09230769230769231,CRITICA
48,22,15,0.24406779661016947,0.111864406779661,0.07692307692307693,CRITICA
48,22,17,0.24406779661016947,0.111864406779661,0.08717948717948718,CRITICA
48,23,16,0.24406779661016947,0.11694915254237287,0.08205128205128205,CRITICA
48,23,18,0.24406779661016947,0.11694915254237287,0.09230769230769231,CRITICA
48,23,26,0.24406779661016947,0.11694915254237287,0.13333333333333333,CRITICA
48,24,25,0.24406779661016947,0.12203389830508474,0.1282051282051282,CRITICA
48,39,28,0.24406779661016947,0.1983050847457627,0.14358974358974358,CRITICA
48,40,27,0.24406779661016947,0.20338983050847456,0.13846153846153847,CRITICA
48,41,26,0.24406779661016947,0.20847457627118643,0.13333333333333333,CRITICA
48,51,9,0.24406779661016947,0.25932203389830505,0.046153846153846156,CRITICA
48,52,10,0.24406779661016947,0.26440677966101694,0.05128205128205128,CRITICA
49,6,8,0.24915254237288134,0.030508474576271184,0.041025641025641026,CRITICA
49,7,7,0.24915254237288134,0.035593220338983045,0.035897435897435895,CRITICA
49,20,18,0.24915254237288134,0.10169491525423728,0.09230769230769231,CRITICA
49,21,17,0.24915254237288134,0.10677966101694915,0.08717948717948718,CRITICA
49,22,18,0.24915254237288134,0.111864406779661,0.09230769230769231,CRITICA
49,22,24,0.24915254237288134,0.111864406779661,0.12307692307692308,CRITICA
49,22,26,0.24915254237288134,0.111864406779661,0.13333333333333333,CRITICA
49,23,19,0.24915254237288134,0.11694915254237287,0.09743589743589744,CRITICA
49,23,25,0.24915254237288134,0.11694915254237287,0.1282051282051282,CRITICA
49,24,24,0.24915254237288134,0.12203389830508474,0.12307692307692308,CRITICA
49,24,26,0.24915254237288134,0.12203389830508474,0.13333333333333333,CRITICA
49,25,25,0.24915254237288134,0.1271186440677966,0.1282051282051282,CRITICA
49,40,26,0.24915254237288134,0.20338983050847456,0.13333333333333333,CRITICA
49,40,28,0.24915254237288134,0.20338983050847456,0.14358974358974358,CRITICA
49,41,27,0.24915254237288134,0.20847457627118643,0.13846153846153847,CRITICA
49,42,26,0.24915254237288134,0.2135593220338983,0.13333333333333333,CRITICA
49,43,25,0.24915254237288134,0.21864406779661016,0.1282051282051282,CRITICA
49,44,26,0.24915254237288134,0.223728813559322,0.13333333333333333,CRITICA
49,46,12,0.24915254237288134,0.23389830508474574,0.06153846153846154,CRITICA
49,51,10,0.24915254237288134,0.25932203389830505,0.05128205128205128,CRITICA
49,52,11,0.24915254237288134,0.26440677966101694,0.05641025641025641,CRITICA
50,21,28,0.2542372881355932,0.10677966101694915,0.14358974358974358,CRITICA
50,22,25,0.2542372881355932,0.111864406779661,0.1282051282051282,CRITICA
50,22,27,0.2542372881355932,0.111864406779661,0.13846153846153847,CRITICA
50,23,24,0.2542372881355932,0.11694915254237287,0.12307692307692308,CRITICA
50,23,26,0.2542372881355932,0.11694915254237287,0.13333333333333333,CRITICA
50,23,28,0.2542372881355932,0.11694915254237287,0.14358974358974358,CRITICA
50,24,25,0.2542372881355932,0.12203389830508474,0.1282051282051282,CRITICA
50,24,27,0.2542372881355932,0.12203389830508474,0.13846153846153847,CRITICA
50,41,26,0.2542372881355932,0.20847457627118643,0.13333333333333333,CRITICA
50,42,25,0.2542372881355932,0.2135593220338983,0.1282051282051282,CRITICA
50,42,27,0.2542372881355932,0.2135593220338983,0.13846153846153847,CRITICA
50,43,26,0.2542372881355932,0.21864406779661016,0.13333333333333333,CRITICA
50,44,23,0.2542372881355932,0.223728813559322,0.11794871794871795,CRITICA
50,44,25,0.2542372881355932,0.223728813559322,0.1282051282051282,CRITICA
50,45,14,0.2542372881355932,0.22881355932203387,0.07179487179487179,CRITICA
50,45,24,0.2542372881355932,0.22881355932203387,0.12307692307692308,CRITICA
50,46,11,0.2542372881355932,0.23389830508474574,0.05641025641025641,CRITICA
50,46,13,0.2542372881355932,0.23389830508474574,0.06666666666666667,CRITICA
50,47,12,0.2542372881355932,0.2389830508474576,0.06153846153846154,CRITICA
51,21,27,0.25932203389830505,0.10677966101694915,0.13846153846153847,CRITICA
51,22,26,0.25932203389830505,0.111864406779661,0.13333333333333333,CRITICA
51,23,25,0.25932203389830505,0.11694915254237287,0.1282051282051282,CRITICA
51,23,27,0.25932203389830505,0.11694915254237287,0.13846153846153847,CRITICA
51,41,25,0.25932203389830505,0.20847457627118643,0.1282051282051282,CRITICA
51,42,26,0.25932203389830505,0.2135593220338983,0.13333333333333333,CRITICA
51,43,25,0.25932203389830505,0.21864406779661016,0.1282051282051282,CRITICA
51,44,12,0.25932203389830505,0.223728813559322,0.06153846153846154,CRITICA
51,44,24,0.25932203389830505,0.223728813559322,0.12307692307692308,CRITICA
51,45,13,0.25932203389830505,0.22881355932203387,0.06666666666666667,CRITICA
51,45,23,0.25932203389830505,0.22881355932203387,0.11794871794871795,CRITICA
51,45,25,0.25932203389830505,0.22881355932203387,0.1282051282051282,CRITICA
51,46,12,0.25932203389830505,0.23389830508474574,0.06153846153846154,CRITICA
51,46,24,0.25932203389830505,0.23389830508474574,0.12307692307692308,CRITICA
51,48,34,0.25932203389830505,0.24406779661016947,0.17435897435897435,CRITICA
52,21,26,0.26440677966101694,0.10677966101694915,0.13333333333333333,CRITICA
52,22,25,0.26440677966101694,0.111864406779661,0.1282051282051282,CRITICA
52,23,26,0.26440677966101694,0.11694915254237287,0.13333333333333333,CRITICA
52,24,27,0.26440677966101694,0.12203389830508474,0.13846153846153847,CRITICA
52,41,33,0.26440677966101694,0.20847457627118643,0.16923076923076924,CRITICA
52,42,23,0.26440677966101694,0.2135593220338983,0.11794871794871795,CRITICA
52,42,25,0.26440677966101694,0.2135593220338983,0.1282051282051282,CRITICA
52,43,24,0.26440677966101694,0.21864406779661016,0.12307692307692308,CRITICA
52,44,23,0.26440677966101694,0.223728813559322,0.11794871794871795,CRITICA
52,44,25,0.26440677966101694,0.223728813559322,0.1282051282051282,CRITICA
52,45,24,0.26440677966101694,0.22881355932203387,0.12307692307692308,CRITICA
52,46,23,0.26440677966101694,0.23389830508474574,0.11794871794871795,CRITICA
52,47,34,0.26440677966101694,0.2389830508474576,0.17435897435897435,CRITICA
53,40,33,0.2694915254237288,0.20338983050847456,0.16923076923076924,CRITICA
53,42,24,0.2694915254237288,0.2135593220338983,0.12307692307692308,CRITICA
53,43,25,0.2694915254237288,0.21864406779661016,0.1282051282051282,CRITICA
53,44,24,0.2694915254237288,0.223728813559322,0.12307692307692308,CRITICA
53,44,26,0.2694915254237288,0.223728813559322,0.13333333333333333,CRITICA
53,45,25,0.2694915254237288,0.22881355932203387,0.1282051282051282,CRITICA
54,44,25,0.2745762711864407,0.223728813559322,0.1282051282051282,CRITICA
54,45,26,0.2745762711864407,0.22881355932203387,0.13333333333333333,CRITICA
